{
  "data": [
     {
        "name": "one",
        "permission": true,

        "child": [
           {
              "name": "nome do item",
              "permission": true,
              "active": true
           },
           {
              "name": "link2",
              "permission": true,
              "child": "teste"
           },
           {
              "name": "link3",
              "permission": true,
              "child": "teste"
           }
        ]
     },
     {
        "name": "two",
        "permission": true,
        "child": [
           {
              "name": "slink1",
              "permission": true
           },
           {
              "name": "slink2",
              "permission": true
           },
           {
              "name": "slink3",
              "permission": true
           }
        ]
     },
     {
        "name": "exibe",
         "permission": true,
         "child": []
     },
     {
        "name": "pegou",
        "permission": false,
        "child": []
      
     }
  ]
}